CODONS,TTT,TTC,TTA,TTG,CTT,CTC,CTA,CTG,ATT,ATC,ATA,GTT,GTC,GTA,GTG,TCT,TCC,TCA,TCG,AGT,AGC,CCT,CCC,CCA,CCG,ACT,ACC,ACA,ACG,GCT,GCC,GCA,GCG,TAT,TAC,CAT,CAC,CAA,CAG,AAT,AAC,AAA,AAG,GAT,GAC,GAA,GAG,TGT,TGC,CGT,CGC,CGA,CGG,AGA,AGG,GGT,GGC,GGA,GGG
SM21,1.455,0.545,0,1.5,0.375,2.625,1.5,0,1.8,0.6,0.6,1.333,0.333,1.333,1,1.667,0.333,1,0.333,1,1.667,2,2,0,0,0.364,1.091,1.818,0.727,1.333,0.222,1.333,1.111,1,1,1.5,0.5,2,0,1.333,0.667,1.286,0.714,1.333,0.667,1.25,0.75,0,2,0,3,3,0,0,0,0.8,1.067,1.333,0.8
SM24,1.4,0.6,0.4,1.6,0,2.8,1.2,0,2.25,0,0.75,1.143,0.286,0.857,1.714,1.714,0.571,0.571,0.286,1.143,1.714,3,1,0,0,1,1,1.333,0.667,1.333,0.667,0.667,1.333,0.667,1.333,1.5,0.5,1.6,0.4,1.364,0.636,1.226,0.774,1.333,0.667,1.4,0.6,0,0,0,6,0,0,0,0,1,0,2.333,0.667
SM5,1.455,0.545,0.375,1.125,0.75,2.25,1.5,0,1.636,0.818,0.545,1.333,0,2,0.667,1.895,0.316,0.947,0.316,0.947,1.579,2.4,1.6,0,0,0.444,0.889,1.333,1.333,1.474,0.211,1.474,0.842,0.8,1.2,1.5,0.5,1.778,0.222,1.6,0.4,1.286,0.714,1.333,0.667,1.111,0.889,0,2,0,6,0,0,0,0,1.067,1.067,1.333,0.533
SM51,1.455,0.545,0.375,1.125,0.375,2.625,1.5,0,1.636,0.818,0.545,1.455,0,1.818,0.727,1.895,0.316,0.947,0.316,0.947,1.579,2.4,1.6,0,0,0.727,1.091,1.091,1.091,0.889,0.444,1.778,0.889,1.2,0.8,1.5,0.5,1.75,0.25,1.583,0.417,1.357,0.643,1.385,0.615,1.111,0.889,0,2,0,3,3,0,0,0,1.067,1.067,1.333,0.533
SM75,1.4,0.6,0,2.118,0.353,2.471,1.059,0,1.75,0.25,1,1.231,0.615,0.615,1.538,1.765,0.353,0.706,0.353,1.059,1.765,2.667,1.333,0,0,1,1,1.667,0.333,1.647,0,0.941,1.412,0.667,1.333,1,1,1.778,0.222,1.043,0.957,1.25,0.75,1.286,0.714,1.111,0.889,0,0,1,1,1,0,3,0,0.857,0.571,2.286,0.286
SM77,1.4,0.6,0.353,1.765,0.353,2.471,1.059,0,1.909,0.273,0.818,1.333,0.267,1.067,1.333,1.667,0.333,0.667,0.333,1,2,2.667,1.333,0,0,1,1,1.333,0.667,1.429,0.286,0.857,1.429,0.667,1.333,1,1,1.778,0.222,1.083,0.917,1.2,0.8,1.286,0.714,1.2,0.8,0,0,1,1,1,0,2,1,1,0.333,2,0.667
SM8,1.455,0.545,0.375,1.125,0.375,2.625,1.5,0,1.636,0.818,0.545,1.333,0,1.667,1,1.667,0.333,1,0.333,1,1.667,2.857,1.143,0,0,0.444,0.889,1.333,1.333,1.263,0.421,1.474,0.842,0.8,1.2,1.333,0.667,1.75,0.25,1.6,0.4,1.357,0.643,1.333,0.667,1.111,0.889,0,2,0,3,3,0,0,0,0.8,1.333,1.333,0.533
SM81,1.455,0.545,0.375,1.125,0.375,2.625,1.5,0,1.636,0.818,0.545,1.6,0,1.6,0.8,1.667,0.333,1,0.333,1,1.667,2.286,1.714,0,0,0.364,1.091,1.455,1.091,1.333,0.222,1.556,0.889,0.8,1.2,1,1,1.778,0.222,1.667,0.333,1.5,0.5,1.333,0.667,1.111,0.889,0,2,0,6,0,0,0,0,1.067,1.333,1.067,0.533
SM87,1.455,0.545,0.375,1.125,0.375,2.625,1.5,0,2,0.333,0.667,1.333,0.333,1.333,1,1.714,0.286,0.857,0.286,1.143,1.714,2.4,1.6,0,0,0.444,0.889,1.333,1.333,1.2,0.4,1.6,0.8,0.8,1.2,1.5,0.5,2,0,1.52,0.48,1.308,0.692,1.333,0.667,1.111,0.889,0,2,0,3,3,0,0,0,1.067,1.067,1.067,0.8
SM88,1.455,0.545,0.353,1.412,0.706,2.471,1.059,0,1.8,0.6,0.6,1.538,0,1.231,1.231,1.714,0.286,0.857,0.286,1.143,1.714,2.4,1.6,0,0,0.4,1.2,1.6,0.8,1.176,0.235,1.647,0.941,0.8,1.2,1.333,0.667,1.75,0.25,1.583,0.417,1.308,0.692,1.231,0.769,1,1,0,2,0,2,4,0,0,0,0.857,1.143,1.143,0.857
SMVE1,1.4,0.6,0.4,1.6,0,2.8,1.2,0,2.455,0,0.545,1.143,0.286,0.857,1.714,1.5,0.6,0.6,0.3,1.2,1.8,3.2,0.8,0,0,0.923,0.923,1.846,0.308,1.231,0.615,0.615,1.538,0.667,1.333,1.5,0.5,1.6,0.4,1.391,0.609,1.267,0.733,1.286,0.714,1.273,0.727,0,0,0,6,0,0,0,0,1.091,0,2.182,0.727
SMVE3,1.273,0.727,0.375,1.875,0.375,2.25,1.125,0,2,0.25,0.75,1.231,0.308,0.923,1.538,1.667,0.333,0.667,0.333,1,2,2.667,1.333,0,0,1,1,1.333,0.667,1.429,0.286,1.143,1.143,0.667,1.333,1,1,1.556,0.444,1.217,0.783,1.259,0.741,1.385,0.615,1.2,0.8,0,0,1.2,1.2,1.2,0,2.4,0,1.143,0.286,2,0.571
SMVE4,1.4,0.6,0,2,0.333,2.667,1,0,1.75,0.25,1,1.143,0.286,1.143,1.429,1.8,0.3,0.6,0.3,1.2,1.8,3.2,0.8,0,0,1,1,1.333,0.667,1.6,0.267,0.8,1.333,0.667,1.333,1,1,1.556,0.444,0.957,1.043,1.25,0.75,1.385,0.615,1.2,0.8,0,0,0,1.2,1.2,0,3.6,0,0.615,0.923,1.846,0.615
SMVE8,1.455,0.545,0.375,1.125,0.75,2.25,1.5,0,1.667,0.667,0.667,1.846,0,1.538,0.615,1.579,0.316,0.947,0.316,0.947,1.895,2.286,1.714,0,0,0.4,0.8,1.6,1.2,1.412,0.235,1.176,1.176,0.8,1.2,1,1,1.778,0.222,1.6,0.4,1.308,0.692,1.333,0.667,1.2,0.8,0,2,0,3,3,0,0,0,0.857,1.143,1.143,0.857
SMVN2,1.4,0.6,0.353,1.765,0.353,2.471,1.059,0,1.909,0.273,0.818,1.333,0.267,1.067,1.333,1.667,0.333,0.667,0.333,1,2,2.667,1.333,0,0,1,1,1.333,0.667,1.429,0.286,0.857,1.429,0.667,1.333,1,1,1.778,0.222,1.083,0.917,1.2,0.8,1.286,0.714,1.2,0.8,0,0,1,1,1,0,2,1,1,0.333,2,0.667
SMVS1,1.455,0.545,0.353,1.059,0.706,2.471,1.412,0,1.5,0.75,0.75,1.667,0,1.667,0.667,1.765,0.353,1.059,0.353,1.059,1.412,2,1.333,0.667,0,0.444,1.333,0.889,1.333,1.412,0,1.647,0.941,0.8,1.2,1,1,1.778,0.222,1.583,0.417,1.31,0.69,1.333,0.667,0.889,1.111,0,2,0,6,0,0,0,0,0.8,1.333,1.333,0.533
SMVS3,1.273,0.727,0.375,1.875,0.375,2.25,1.125,0,2,0.25,0.75,1.231,0.308,0.923,1.538,1.667,0.333,0.667,0.333,1,2,2.667,1.333,0,0,1,1,1.333,0.667,1.429,0.286,1.143,1.143,0.667,1.333,1,1,1.556,0.444,1.217,0.783,1.259,0.741,1.385,0.615,1.2,0.8,0,0,1.2,1.2,1.2,0,2.4,0,1.143,0.286,2,0.571
SMVS8,1.455,0.545,0.375,1.125,0.375,2.625,1.5,0,1.636,0.818,0.545,1.818,0,1.091,1.091,1.333,0.333,1,0.667,1,1.667,2,2,0,0,0.364,1.091,1.455,1.091,1.412,0,1.647,0.941,0.667,1.333,1.5,0.5,1.778,0.222,1.636,0.364,1.31,0.69,1.385,0.615,1.111,0.889,0,2,0,6,0,0,0,0,0.8,1.333,1.333,0.533
SMVW1,1.455,0.545,0.353,1.059,1.059,2.118,1.412,0,1.667,0.667,0.667,1.846,0,1.538,0.615,1.579,0.316,0.947,0.316,0.947,1.895,2,2,0,0,0.444,0.889,1.333,1.333,1.333,0.222,1.556,0.889,0.8,1.2,1,1,1.75,0.25,1.6,0.4,1.407,0.593,1.333,0.667,1.2,0.8,0,2,0,3,3,0,0,0,1.429,0.857,0.857,0.857
SMVW10,1.455,0.545,0.375,1.125,0.375,2.625,1.5,0,1.636,0.818,0.545,1.818,0,1.091,1.091,1.667,0.333,1,0.333,1,1.667,2,2,0,0,0.364,1.091,1.455,1.091,1.412,0,1.882,0.706,1,1,1.5,0.5,1.778,0.222,1.667,0.333,1.357,0.643,1.333,0.667,1.111,0.889,0,2,0,6,0,0,0,0,1.067,1.067,1.333,0.533
SMVW12,1.455,0.545,0.353,1.059,1.059,2.118,1.412,0,1.5,0.9,0.6,1.818,0,1.455,0.727,1.579,0.632,0.947,0.316,0.947,1.579,2.4,1.6,0,0,0.444,0.889,1.333,1.333,1.2,0.4,1.6,0.8,1.2,0.8,1,1,1.778,0.222,1.667,0.333,1.286,0.714,1.333,0.667,1.111,0.889,0,2,0,6,0,0,0,0,0.8,1.333,1.333,0.533
SMVW18,1.455,0.545,0.353,1.412,0.706,2.471,1.059,0,1.636,0.818,0.545,1.333,0,1.667,1,1.667,0.333,1,0.333,0.667,2,2.667,1.333,0,0,0.4,1.2,1.2,1.2,1.556,0,1.556,0.889,1.2,0.8,1.333,0.667,2,0,1.6,0.4,1.286,0.714,1.231,0.769,1.111,0.889,0,2,0,3,3,0,0,0,1.143,0.857,1.429,0.571
SMVW19,1.455,0.545,0.353,1.059,0.706,2.471,1.412,0,1.8,0.6,0.6,1.538,0.308,1.231,0.923,1.667,0.333,1,0.333,1,1.667,2.667,1.333,0,0,0.5,1.5,1.5,0.5,1.333,0,1.778,0.889,0.8,1.2,2,0,1.778,0.222,1.565,0.435,1.267,0.733,1.5,0.5,1.111,0.889,1,1,0,6,0,0,0,0,0.8,1.333,1.333,0.533
SMVW4,1.4,0.6,0,2,0.333,2.667,1,0,1.75,0.25,1,1.143,0.286,1.143,1.429,1.8,0.3,0.6,0.3,1.2,1.8,3.2,0.8,0,0,1,1,1.333,0.667,1.6,0.267,0.8,1.333,0.667,1.333,1,1,1.556,0.444,0.957,1.043,1.25,0.75,1.385,0.615,1.2,0.8,0,0,0,1.2,1.2,0,3.6,0,0.615,0.923,1.846,0.615
